"cluster","area_km2"
0,15343.167629155
1,17131.2335786728
2,8038.38177087444
