"cluster","area_km2"
0,11336.5205749238
1,10566.7141465474
2,1919.74314691916
3,9068.27926164093
4,7621.52584867102
